{
  "ReRoutes": [
    //product api config
    {
      "DownstreamPathTemplate": "/api/product/{everything}",
      "DownstreamScheme": "https",
      "DownstreamHostAndPorts": [
        {
          "Host": "localhost",
          "Port": 44309
        }
      ],
      "UpstreamPathTemplate": "/api/product/{everything}",
      "UpstreamHttpMethod": [
        "GET",
        "POST",
        "PUT",
        "DELETE"
      ],
      "AuthenticationOptions": {
        "AuthenticationProviderKey": "TestKey",
        "AllowedScopes": []
      },
      "RateLimitOptions": {
        "ClientWhitelist": [],
        "EnableRateLimiting": true,
        "Period": "1s",
        "PeriodTimespan": 1,
        "Limit": 1
      },
      "FileCacheOptions": {
        "TtlSeconds": 15,
        "Region": "productcaching"
      }
    },
    //payment api config
    {
      "DownstreamPathTemplate": "/api/payment/{everything}",
      "DownstreamScheme": "https",
      "DownstreamHostAndPorts": [
        {
          "Host": "localhost",
          "Port": 44392
        }
      ],
      "UpstreamPathTemplate": "/api/payment/{everything}",
      "UpstreamHttpMethod": [
        "GET",
        "POST",
        "PUT",
        "DELETE"
      ],
      "AuthenticationOptions": {
        "AuthenticationProviderKey": "TestKey",
        "AllowedScopes": []
      },
      "RateLimitOptions": {
        "ClientWhitelist": [],
        "EnableRateLimiting": true,
        "Period": "1s",
        "PeriodTimespan": 1,
        "Limit": 1
      },
      "FileCacheOptions": {
        "TtlSeconds": 15,
        "Region": "paymentcaching"
      }
    }
  ],
  "GlobalConfiguration": {

  }
}
